City_ID,City,Country,Date,Lat,Max Temp,Humidity,Cloudiness,Wind Speed
0,Coquimbo,CL,2022-05-01 17:04:14,-29.9533,63.45,65,0,6.24
1,Linhares,BR,2022-05-01 17:07:50,-19.3911,87.22,44,28,4.92
2,San Jose Del Palmar,CO,2022-05-01 17:07:51,4.9742,71.11,87,99,4.56
3,Atuona,PF,2022-05-01 17:03:37,-9.8,78.67,77,58,13.71
4,Shamkhal,RU,2022-05-01 17:07:52,43.0596,57.18,81,58,5.14
5,Jamestown,US,2022-05-01 17:03:43,42.097,50.52,89,100,14.97
6,Vila Franca Do Campo,PT,2022-05-01 17:07:53,37.7167,64.81,68,12,2.77
7,Arraial Do Cabo,BR,2022-05-01 17:07:47,-22.9661,84.06,65,0,16.11
8,Punta Arenas,CL,2022-05-01 17:07:53,-53.15,48.11,87,85,6.11
9,Boysun,UZ,2022-05-01 17:05:21,38.2061,74.71,32,90,3.24
10,Aasiaat,GL,2022-05-01 17:07:54,68.7098,19.56,67,17,7.9
11,Sitka,US,2022-05-01 17:07:55,57.0531,48.09,61,100,17.27
12,Tasiilaq,GL,2022-05-01 17:03:15,65.6145,32.16,64,96,11.01
13,Esperance,AU,2022-05-01 17:07:55,-33.8667,59.45,68,0,4.54
14,Mahibadhoo,MV,2022-05-01 17:07:56,3.7833,86.11,73,47,18.57
15,Agua Verde,MX,2022-05-01 17:07:57,22.9,80.69,56,55,6.13
16,Mataura,NZ,2022-05-01 17:07:57,-46.1927,44.47,98,26,2.57
17,Sao Joao Da Barra,BR,2022-05-01 17:07:58,-21.6403,86.09,65,1,10.49
18,Avarua,CK,2022-05-01 17:07:59,-21.2078,71.65,100,100,1.14
19,Busselton,AU,2022-05-01 17:07:59,-33.65,57.2,84,9,2.64
20,Presidencia Roque Saenz Pena,AR,2022-05-01 17:08:00,-26.7852,58.03,96,98,5.79
21,Barrow,US,2022-05-01 17:08:00,71.2906,21.22,86,100,13.8
22,Pochutla,MX,2022-05-01 17:08:01,15.7432,90.82,42,80,7.47
23,Alofi,NU,2022-05-01 17:08:01,-19.0595,75.09,94,99,2.3
24,Hambantota,LK,2022-05-01 17:08:02,6.1241,82.02,80,100,16.35
25,Dikson,RU,2022-05-01 17:08:03,73.5069,9.79,98,57,10.67
26,Xining,CN,2022-05-01 17:08:03,36.6167,37.76,65,65,2.48
27,Albany,US,2022-05-01 17:07:54,42.6001,66.16,31,13,3.56
28,Westport,US,2022-05-01 17:08:04,41.1415,71.44,40,0,9.22
29,Bambous Virieux,MU,2022-05-01 17:08:04,-20.3428,75.45,88,75,3.44
30,Butaritari,KI,2022-05-01 17:08:05,3.0707,80.87,79,95,11.5
31,Aden,YE,2022-05-01 17:03:22,12.7794,84.9,71,79,4.56
32,Mecca,SA,2022-05-01 17:03:51,21.4267,88.38,46,0,5.39
33,Vaini,TO,2022-05-01 17:08:06,-21.2,78.96,94,75,9.22
34,Zheleznodorozhnyy,RU,2022-05-01 17:08:06,55.7503,52.21,48,100,8.77
35,Saint George,US,2022-05-01 17:06:13,37.1041,75.43,16,0,13.0
36,Salinas,US,2022-05-01 17:05:07,36.6777,61.02,63,0,10.36
37,Katherine,AU,2022-05-01 17:08:07,-14.4667,71.92,60,21,9.22
38,San Cristobal,VE,2022-05-01 17:08:07,7.7669,86.18,51,98,8.41
39,Kapaa,US,2022-05-01 17:08:08,22.0752,73.11,85,20,21.85
40,Leh,IN,2022-05-01 17:08:08,34.1667,48.69,31,1,7.09
41,Pevek,RU,2022-05-01 17:08:08,69.7008,-3.33,92,49,5.53
42,Maicao,CO,2022-05-01 17:08:09,11.3832,91.06,54,100,5.68
43,Tuktoyaktuk,CA,2022-05-01 17:08:09,69.4541,28.71,93,99,12.17
44,Ushuaia,AR,2022-05-01 17:04:24,-54.8,42.06,90,100,2.24
45,Sept-Iles,CA,2022-05-01 17:09:10,50.2001,45.73,73,60,9.53
46,Talnakh,RU,2022-05-01 17:07:36,69.4865,15.01,91,100,7.23
47,Saravan,AM,2022-05-01 17:09:11,39.7196,49.17,87,96,6.38
48,Bethel,US,2022-05-01 17:09:11,41.3712,70.36,35,0,4.61
49,Tabou,CI,2022-05-01 17:09:12,4.423,84.09,72,95,8.08
50,Hirado,JP,2022-05-01 17:09:12,33.3597,49.39,52,100,14.47
51,Puerto Ayora,EC,2022-05-01 17:09:13,-0.7393,80.56,80,69,7.61
52,Forrest City,US,2022-05-01 17:04:41,35.0081,71.24,53,1,5.28
53,Azle,US,2022-05-01 17:09:13,32.8951,81.9,32,20,18.41
54,Ahipara,NZ,2022-05-01 17:09:14,-35.1667,60.04,88,98,6.2
55,Tezu,IN,2022-05-01 17:09:14,27.9167,72.21,73,97,3.78
56,Thompson,CA,2022-05-01 17:05:02,55.7435,24.96,80,100,11.5
57,Vanimo,PG,2022-05-01 17:09:15,-2.6741,78.08,87,80,6.44
58,Khatanga,RU,2022-05-01 17:09:15,71.9667,17.01,95,98,11.68
59,Kodiak,US,2022-05-01 17:09:16,57.79,40.51,81,100,17.27
60,Shingu,JP,2022-05-01 17:09:16,33.7333,50.68,82,100,6.2
61,Awjilah,LY,2022-05-01 17:09:17,29.1081,96.1,11,97,17.87
62,Rikitea,PF,2022-05-01 17:09:17,-23.1203,76.41,72,34,5.97
63,Angoche,MZ,2022-05-01 17:09:18,-16.2325,76.73,64,12,14.14
64,Hit,IQ,2022-05-01 17:09:18,33.6416,82.72,29,0,24.79
65,Abu Dhabi,AE,2022-05-01 17:06:17,24.4667,81.97,66,0,4.94
66,Castro,BR,2022-05-01 17:07:43,-24.7911,72.93,65,19,8.88
67,Verkhnyaya Inta,RU,2022-05-01 17:09:19,65.9811,21.25,84,59,4.38
68,Marzuq,YE,2022-05-01 17:09:19,14.4,79.34,50,49,8.12
69,Longyearbyen,SJ,2022-05-01 17:09:20,78.2186,15.64,57,75,8.05
70,Chekhov,RU,2022-05-01 17:09:21,55.1431,51.69,68,80,5.28
71,Mattru,SL,2022-05-01 17:09:21,7.6244,88.59,57,100,7.45
72,Biak,ID,2022-05-01 17:09:22,-0.9131,76.73,87,80,5.39
73,Hermanus,ZA,2022-05-01 17:09:22,-34.4187,62.8,84,0,10.74
74,Solnechnyy,RU,2022-05-01 17:09:23,50.7214,28.13,96,61,4.18
75,Neryungri,RU,2022-05-01 17:09:23,56.6709,27.55,81,100,7.31
76,Polunochnoye,RU,2022-05-01 17:09:25,60.8697,25.68,97,98,3.58
77,Lyubim,RU,2022-05-01 17:09:25,58.3625,38.89,69,100,4.21
78,Puerto Colombia,CO,2022-05-01 17:09:26,10.9878,82.49,70,100,2.91
79,Saskylakh,RU,2022-05-01 17:09:26,71.9167,10.63,96,71,6.08
80,The Valley,AI,2022-05-01 17:09:26,18.217,82.26,83,100,12.35
81,Praya,CV,2022-05-01 17:09:27,14.9215,82.94,51,20,16.11
82,Beringovskiy,RU,2022-05-01 17:04:54,63.05,12.47,94,97,12.64
83,Wanning,CN,2022-05-01 17:09:27,18.8003,70.86,94,100,14.83
84,Bitung,ID,2022-05-01 17:09:28,1.4451,77.85,85,93,5.28
85,Itatskiy,RU,2022-05-01 17:09:28,56.07,39.88,77,100,12.53
86,Mana,GF,2022-05-01 17:09:29,5.6592,83.23,67,54,12.28
87,Yashkul,RU,2022-05-01 17:09:29,46.1711,62.2,42,100,16.24
88,Provideniya,RU,2022-05-01 17:09:30,64.3833,23.86,76,88,11.7
89,Diego De Almagro,CL,2022-05-01 17:09:30,-26.3667,75.96,21,72,6.62
90,Den Helder,NL,2022-05-01 17:07:30,52.9599,56.98,68,90,7.0
91,Yellowknife,CA,2022-05-01 17:10:31,62.456,37.56,60,14,11.99
92,Paramonga,PE,2022-05-01 17:10:31,-10.6667,69.6,77,29,8.03
93,Port Alfred,ZA,2022-05-01 17:10:32,-33.5906,59.18,89,5,1.01
94,Mackay,AU,2022-05-01 17:09:26,-21.15,68.68,83,10,12.55
95,Salisbury,GB,2022-05-01 17:06:05,51.0693,52.81,80,75,5.75
96,Sola,VU,2022-05-01 17:10:33,-13.8833,81.75,71,100,2.08
97,Kintampo,GH,2022-05-01 17:10:33,8.0563,97.02,30,94,6.8
98,Mar Del Plata,AR,2022-05-01 17:06:44,-38.0023,55.42,69,75,14.0
99,Lahat,ID,2022-05-01 17:10:34,-3.8,74.43,98,100,2.39
100,Bluff,NZ,2022-05-01 17:10:34,-46.6,44.8,91,20,8.75
101,Aklavik,CA,2022-05-01 17:10:35,68.2191,34.84,89,58,12.26
102,Codrington,AU,2022-05-01 17:10:35,-38.2667,56.46,89,61,9.22
103,Rocha,UY,2022-05-01 17:10:36,-34.4833,62.56,50,4,13.44
104,Cidreira,BR,2022-05-01 17:10:36,-30.1811,64.2,86,100,7.4
105,New Norfolk,AU,2022-05-01 17:10:36,-42.7826,60.93,83,97,1.01
106,Port Elizabeth,ZA,2022-05-01 17:10:37,-33.918,64.31,88,5,4.0
107,Hamilton,US,2022-05-01 17:08:35,39.1834,75.29,47,0,20.71
108,Katsuura,JP,2022-05-01 17:10:37,35.1333,53.82,88,100,16.78
109,Lata,PT,2022-05-01 17:10:38,40.1629,62.08,59,29,12.19
110,Panguna,PG,2022-05-01 17:10:39,-6.3164,67.84,96,95,1.9
111,Hobart,AU,2022-05-01 17:08:43,-42.8794,61.27,75,91,5.75
112,Oussouye,SN,2022-05-01 17:10:39,12.485,86.86,38,11,15.23
113,Yulara,AU,2022-05-01 17:10:40,-25.2406,61.56,37,100,7.74
114,Ust-Kuyga,RU,2022-05-01 17:10:40,70.0167,21.87,95,74,11.54
115,Faanui,PF,2022-05-01 17:10:41,-16.4833,80.4,74,29,10.98
116,Liepaja,LV,2022-05-01 17:10:41,56.5419,51.78,62,20,9.22
117,Nanortalik,GL,2022-05-01 17:10:29,60.1432,38.66,85,98,8.3
118,Hasaki,JP,2022-05-01 17:10:42,35.7333,52.29,80,100,21.81
119,Sinnar,SD,2022-05-01 17:09:09,13.5691,101.08,9,11,9.08
120,Dhidhdhoo,MV,2022-05-01 17:10:42,6.8833,86.0,74,20,14.47
121,Labuan,MY,2022-05-01 17:10:43,5.2767,81.91,75,100,5.1
122,Tikrit,IQ,2022-05-01 17:10:43,34.6071,80.37,32,1,13.0
123,Laem Sing,TH,2022-05-01 17:10:44,12.4816,83.14,86,100,4.03
124,Sioux Lookout,CA,2022-05-01 17:10:44,50.1001,38.12,100,100,4.81
125,Husavik,IS,2022-05-01 17:10:45,66.0449,29.41,70,100,13.98
126,Bengkulu,ID,2022-05-01 17:10:45,-3.8004,76.75,90,100,4.03
127,Moose Factory,CA,2022-05-01 17:10:46,51.2585,54.01,50,98,8.93
128,Rundu,NA,2022-05-01 17:10:46,-17.9333,70.23,39,57,3.94
129,Copiapo,CL,2022-05-01 17:10:47,-27.3667,58.69,32,79,4.5
130,Cabo San Lucas,MX,2022-05-01 17:10:47,22.8909,83.5,58,84,1.99
131,Soyo,AO,2022-05-01 17:10:48,-6.1349,78.84,89,100,5.08
132,Iqaluit,CA,2022-05-01 17:10:48,63.7506,23.7,79,100,7.54
133,Senneterre,CA,2022-05-01 17:10:49,48.3835,55.76,46,98,8.95
134,Necochea,AR,2022-05-01 17:10:04,-38.5473,53.8,65,95,12.86
135,Ribeira Brava,PT,2022-05-01 17:10:49,32.65,72.23,60,0,1.81
136,Carupano,VE,2022-05-01 17:10:50,10.6678,85.87,59,89,13.42
137,Qaanaaq,GL,2022-05-01 17:11:50,77.484,12.87,66,20,5.12
138,Palizada,MX,2022-05-01 17:11:51,18.25,94.05,45,72,6.53
139,Derzhavinsk,KZ,2022-05-01 17:11:51,51.1,54.36,58,92,12.73
140,Yabrud,SY,2022-05-01 17:11:52,33.9674,61.5,33,0,3.47
141,Ishigaki,JP,2022-05-01 17:11:52,24.3448,68.13,94,100,11.5
142,Bail Hongal,IN,2022-05-01 17:07:14,15.8167,81.23,50,12,14.88
143,Tiksi,RU,2022-05-01 17:11:53,71.6872,16.74,91,88,13.89
144,Kurilsk,RU,2022-05-01 17:11:53,45.2333,34.29,89,100,10.69
145,Hutchinson,US,2022-05-01 17:11:06,38.0608,66.72,27,0,4.61
146,Victoria,HK,2022-05-01 17:11:54,22.2855,65.25,92,100,5.99
147,Pangnirtung,CA,2022-05-01 17:11:24,66.1451,28.4,80,100,2.3
148,Ville-Marie,CA,2022-05-01 17:11:54,47.3335,61.02,34,87,11.72
149,Atar,MR,2022-05-01 17:11:55,20.5169,102.15,5,4,10.04
150,Puerto Carreno,CO,2022-05-01 17:11:55,6.189,85.86,64,91,2.55
151,Gunjur,GM,2022-05-01 17:11:56,13.2019,84.27,51,0,13.8
152,Bunia,CD,2022-05-01 17:11:56,1.5667,62.91,98,88,5.39
153,Lakes Entrance,AU,2022-05-01 17:11:57,-37.8811,51.17,81,38,6.8
154,Waingapu,ID,2022-05-01 17:07:40,-9.6567,78.91,85,55,8.05
155,Zhanaozen,KZ,2022-05-01 17:11:57,43.3,71.46,40,90,18.7
156,San Rafael,AR,2022-05-01 17:07:55,-34.6177,62.56,26,0,8.16
157,Lompoc,US,2022-05-01 17:11:58,34.6391,64.85,63,0,20.71
158,Beloha,MG,2022-05-01 17:11:58,-25.1667,68.18,84,10,4.83
159,Asfi,MA,2022-05-01 17:11:59,32.2994,68.02,66,2,17.31
160,Glens Falls,US,2022-05-01 17:10:16,43.3095,67.32,32,0,4.61
161,Oksfjord,NO,2022-05-01 17:11:59,70.2396,37.99,85,100,6.11
162,Tubuala,PA,2022-05-01 17:12:00,9.5167,82.83,80,100,7.16
163,Anadyr,RU,2022-05-01 17:12:00,64.75,14.5,85,0,11.18
164,Mahebourg,MU,2022-05-01 17:12:01,-20.4081,75.49,88,75,3.44
165,Priargunsk,RU,2022-05-01 17:12:01,50.3691,42.89,42,66,9.26
166,Mersing,MY,2022-05-01 17:09:28,2.4312,79.03,88,93,4.09
167,Mnogovershinnyy,RU,2022-05-01 17:12:02,53.9353,25.81,98,100,1.01
168,Port Blair,IN,2022-05-01 17:12:03,11.6667,83.57,73,57,4.05
169,Conde,BR,2022-05-01 17:12:03,-7.2597,80.06,89,75,11.5
170,Lagoa,PT,2022-05-01 17:12:04,39.05,61.97,76,24,1.74
171,Tara,RU,2022-05-01 17:12:04,56.8944,34.21,99,100,5.75
172,Touros,BR,2022-05-01 17:12:05,-5.1989,85.01,67,84,16.42
173,Cap Malheureux,MU,2022-05-01 17:12:05,-19.9842,75.47,81,6,1.99
174,Deer Lake,CA,2022-05-01 17:12:06,49.1667,37.69,98,100,4.76
175,Teguldet,RU,2022-05-01 17:07:56,57.3064,38.08,73,100,9.62
176,Bara,NG,2022-05-01 17:12:06,10.3744,100.96,24,98,3.33
177,Hilo,US,2022-05-01 17:12:07,19.7297,73.27,94,100,13.8
178,Upernavik,GL,2022-05-01 17:12:07,72.7868,13.93,64,92,4.32
179,Ribeira Grande,PT,2022-05-01 17:12:08,38.5167,66.6,77,75,4.61
180,Caravelas,BR,2022-05-01 17:10:42,-17.7125,83.14,58,0,8.21
181,Meulaboh,ID,2022-05-01 17:12:08,4.1363,77.68,87,100,3.31
182,Cherskiy,RU,2022-05-01 17:12:09,68.75,8.4,92,18,6.89
183,Chokurdakh,RU,2022-05-01 17:12:09,70.6333,15.3,96,38,7.81
184,Faya,SA,2022-05-01 17:13:10,18.3851,66.72,57,22,6.02
185,Porosozero,RU,2022-05-01 17:13:11,62.7191,34.03,91,99,3.13
186,Joshimath,IN,2022-05-01 17:13:11,30.5667,60.19,61,48,6.24
187,Barra Do Pirai,BR,2022-05-01 17:10:50,-22.47,83.37,51,8,3.15
188,Isfana,KG,2022-05-01 17:13:12,39.8386,57.76,43,100,1.77
189,Erenhot,CN,2022-05-01 17:08:29,43.6475,54.64,42,53,0.36
190,Cape Town,ZA,2022-05-01 17:10:52,-33.9258,64.11,73,0,13.0
191,Gat,IL,2022-05-01 17:13:12,31.61,67.41,100,2,4.03
192,Shiyan,CN,2022-05-01 17:13:13,32.6475,53.62,52,48,6.67
193,Trincomalee,LK,2022-05-01 17:13:13,8.5711,83.84,72,99,12.64
194,Hofn,IS,2022-05-01 17:13:14,64.2539,39.7,86,51,13.18
195,Narsaq,GL,2022-05-01 17:13:14,60.9167,46.62,72,58,4.0
196,Vestmannaeyjar,IS,2022-05-01 17:13:15,63.4427,49.19,71,0,14.97
197,Karratha,AU,2022-05-01 17:13:15,-20.7377,82.17,50,98,7.49
198,Chimore,BO,2022-05-01 17:13:16,-16.9833,85.21,57,41,3.74
199,La Ronge,CA,2022-05-01 17:09:29,55.1001,32.7,79,100,6.35
200,Lakota,CI,2022-05-01 17:13:17,5.8528,79.47,86,100,5.3
201,Naze,JP,2022-05-01 17:13:17,28.3667,63.52,63,100,11.88
202,Rawson,AR,2022-05-01 17:13:18,-43.3002,52.74,52,98,5.88
203,Gambela,ET,2022-05-01 17:13:18,8.25,83.62,52,64,3.49
204,Hammerfest,NO,2022-05-01 17:13:18,70.6634,30.65,80,75,8.05
205,Sorong,ID,2022-05-01 17:13:19,-0.8833,79.9,85,62,6.82
206,Port Lincoln,AU,2022-05-01 17:13:19,-34.7333,59.07,89,0,8.23
207,Dwarka,IN,2022-05-01 17:13:20,22.2394,84.18,84,20,16.6
208,Yaan,NG,2022-05-01 17:13:21,7.3833,88.05,50,99,7.56
209,Altamira,BR,2022-05-01 17:13:21,-3.2033,82.24,83,56,3.94
210,Constitucion,CL,2022-05-01 17:10:19,-35.3333,59.27,58,1,13.31
211,Kundiawa,PG,2022-05-01 17:13:21,-6.0167,62.62,97,82,1.41
212,Labuhan,ID,2022-05-01 17:09:27,-6.8844,79.61,88,92,8.72
213,Ternate,ID,2022-05-01 17:13:22,0.8,81.63,75,94,3.69
214,Sovetskiy,RU,2022-05-01 17:13:22,61.3614,35.98,98,100,4.59
215,East London,ZA,2022-05-01 17:12:53,-33.0153,66.72,67,5,10.69
216,Kibala,TD,2022-05-01 17:13:23,9.1104,93.0,32,91,1.01
217,Carnarvon,AU,2022-05-01 17:13:24,-24.8667,66.27,72,0,8.05
218,Mumford,GH,2022-05-01 17:13:24,5.2618,83.48,73,69,12.06
219,Chupa,RU,2022-05-01 17:13:24,66.27,33.51,82,86,4.23
220,Norman Wells,CA,2022-05-01 17:13:25,65.282,42.62,72,33,11.97
221,Warrington,GB,2022-05-01 17:11:16,53.3925,57.74,81,40,1.14
222,Ambilobe,MG,2022-05-01 17:13:25,-13.2,75.67,91,38,2.48
223,Saint-Augustin,CA,2022-05-01 17:13:26,51.226,38.55,83,100,22.84
224,College,US,2022-05-01 17:13:26,64.8569,47.21,55,75,10.36
225,Acajutla,SV,2022-05-01 17:13:27,13.5928,86.67,60,100,5.53
226,Nishihara,JP,2022-05-01 17:13:27,26.1842,67.28,78,100,14.97
227,Galesong,ID,2022-05-01 17:13:27,-5.3166,78.82,80,70,7.85
228,Huilong,CN,2022-05-01 17:13:28,31.8111,57.92,78,100,10.6
229,Yumen,CN,2022-05-01 17:13:28,40.2833,52.18,15,0,10.0
230,Asosa,ET,2022-05-01 17:13:29,10.0667,75.79,36,65,0.56
231,Fort Frances,CA,2022-05-01 17:13:29,48.5999,40.15,67,100,5.75
232,Suntar,RU,2022-05-01 17:13:30,62.1444,26.47,81,100,13.18
233,Garmsar,IR,2022-05-01 17:14:30,35.2182,70.79,42,82,12.62
234,Turukhansk,RU,2022-05-01 17:14:31,65.8167,29.77,82,100,16.93
235,Fare,PF,2022-05-01 17:14:31,-16.7,80.31,73,29,10.51
236,Matamoros,MX,2022-05-01 17:10:07,25.5333,84.31,26,75,6.91
237,Chumphon,TH,2022-05-01 17:14:32,10.3333,73.29,96,100,2.26
238,Erzin,TR,2022-05-01 17:14:32,36.9559,63.79,93,76,2.48
239,Agadez,NE,2022-05-01 17:14:33,19.75,99.95,8,50,8.9
240,Djenne,ML,2022-05-01 17:14:33,13.9061,103.5,18,86,2.75
241,San Patricio,US,2022-05-01 17:14:34,28.017,88.52,59,68,16.4
242,Hailar,CN,2022-05-01 17:09:39,49.2,40.32,37,36,8.88
243,Vardo,NO,2022-05-01 17:14:34,70.3705,21.18,79,40,6.91
244,Kahului,US,2022-05-01 17:14:35,20.8947,75.85,83,40,13.8
245,Marrakesh,MA,2022-05-01 17:14:35,31.6315,87.87,19,0,8.05
246,Port Shepstone,ZA,2022-05-01 17:14:36,-30.7414,66.99,68,1,8.81
247,Athabasca,CA,2022-05-01 17:14:36,54.7169,42.6,78,100,10.56
248,Jumla,NP,2022-05-01 17:14:37,29.2747,53.33,83,83,1.5
249,Chitral,PK,2022-05-01 17:14:37,35.8462,72.01,39,8,0.58
250,Talaya,RU,2022-05-01 17:14:38,61.3833,8.38,96,34,3.78
251,Grindavik,IS,2022-05-01 17:14:38,63.8424,43.27,56,0,11.5
252,Roma,US,2022-05-01 17:14:39,43.2128,67.68,27,0,13.8
253,Lake Charles,US,2022-05-01 17:14:39,30.2131,85.01,67,75,8.05
254,Ponta Delgada,PT,2022-05-01 17:14:39,37.7333,65.12,77,75,4.61
255,Laranjeiras Do Sul,BR,2022-05-01 17:14:40,-25.4078,64.72,93,74,4.12
256,Agirish,RU,2022-05-01 17:14:40,61.9247,29.1,96,100,14.12
257,Jefferson City,US,2022-05-01 17:10:19,38.5767,64.65,42,20,13.8
258,Nong Khai,TH,2022-05-01 17:14:41,17.9167,72.28,71,99,9.26
259,Kaitangata,NZ,2022-05-01 17:14:42,-46.2817,48.94,95,23,4.23
260,Sayyan,YE,2022-05-01 17:14:42,15.1718,68.54,32,79,11.81
261,Lebu,CL,2022-05-01 17:10:38,-37.6167,55.36,74,100,15.39
262,Timmins,CA,2022-05-01 17:14:42,48.4669,56.32,48,100,12.66
263,Yangcun,CN,2022-05-01 17:14:43,39.3639,59.0,35,3,8.19
264,Galle,LK,2022-05-01 17:14:43,6.0367,81.54,84,100,13.38
265,Palmer,US,2022-05-01 17:14:44,42.1584,68.14,30,20,4.0
266,Bredasdorp,ZA,2022-05-01 17:14:44,-34.5322,58.39,90,0,5.26
267,Cilegon,ID,2022-05-01 17:14:45,-6.0174,79.11,86,99,3.78
268,Lavrentiya,RU,2022-05-01 17:14:45,65.5833,11.62,90,49,10.4
269,Baykit,RU,2022-05-01 17:14:46,61.67,20.75,93,5,2.71
270,Khuzhir,RU,2022-05-01 17:14:46,53.1939,41.23,77,98,4.63
271,Georgetown,MY,2022-05-01 17:10:52,5.4112,84.13,84,20,0.0
272,Plettenberg Bay,ZA,2022-05-01 17:14:47,-34.0527,58.59,85,2,0.83
273,Homer,US,2022-05-01 17:13:21,59.6425,42.69,74,100,17.27
274,Matagami,CA,2022-05-01 17:14:47,49.7502,51.55,62,94,9.01
275,Machiques,VE,2022-05-01 17:14:48,10.0644,88.88,61,98,1.39
276,Viedma,AR,2022-05-01 17:14:48,-40.8135,57.42,49,86,5.97
277,Kalabo,ZM,2022-05-01 17:14:49,-14.97,68.02,51,10,5.14
278,Nuuk,GL,2022-05-01 17:14:49,64.1835,30.81,55,20,11.5
279,Noumea,NC,2022-05-01 17:14:50,-22.2763,77.0,99,81,11.72
280,Green Valley,US,2022-05-01 17:12:55,31.8543,86.77,9,21,5.99
281,Surt,LY,2022-05-01 17:15:50,31.2089,68.25,75,0,27.78
282,Jurm,AF,2022-05-01 17:15:51,36.8648,71.37,33,49,2.77
283,Nikolskoye,RU,2022-05-01 17:15:51,59.7035,46.71,70,53,3.09
284,Gigmoto,PH,2022-05-01 17:15:52,13.7796,78.35,84,98,4.07
285,Kaeo,NZ,2022-05-01 17:11:44,-35.1,59.92,86,98,6.42
286,Porto Novo,BJ,2022-05-01 17:11:36,6.4965,85.06,70,99,10.6
287,Boa Vista,BR,2022-05-01 17:15:52,2.8197,89.58,48,75,12.66
288,Luderitz,NA,2022-05-01 17:15:53,-26.6481,67.12,43,0,8.05
289,Coahuayana,MX,2022-05-01 17:15:53,18.7333,89.33,25,100,6.22
290,Henties Bay,NA,2022-05-01 17:15:54,-22.116,62.24,76,2,4.92
291,Dudinka,RU,2022-05-01 17:15:54,69.4058,20.62,94,100,13.47
292,Pangkalanbuun,ID,2022-05-01 17:15:55,-2.6833,76.77,94,89,2.82
293,Baghdad,IQ,2022-05-01 17:12:42,33.3406,85.21,25,0,19.86
294,Kampong Thum,KH,2022-05-01 17:15:55,12.7111,75.88,94,100,6.49
295,Warsaw,PL,2022-05-01 17:12:12,52.2298,64.94,33,0,6.91
296,San Andres,CO,2022-05-01 17:15:14,12.5847,81.93,82,88,13.4
297,Ballina,AU,2022-05-01 17:15:56,-28.8667,63.01,99,91,12.41
298,Clyde River,CA,2022-05-01 17:15:39,70.4692,14.23,85,100,13.8
299,Belyy Yar,RU,2022-05-01 17:15:57,53.6039,51.69,40,0,2.24
300,Strezhevoy,RU,2022-05-01 17:15:57,60.7333,29.44,77,84,5.1
301,Los Llanos De Aridane,ES,2022-05-01 17:15:07,28.6585,68.13,73,0,13.8
302,Vila Velha,BR,2022-05-01 17:11:27,-20.3297,85.95,64,75,13.8
303,Gamba,GA,2022-05-01 17:15:58,-2.65,79.03,86,93,7.47
304,Scarborough,GB,2022-05-01 17:15:03,54.2797,56.77,78,100,7.0
305,Jaguaruana,BR,2022-05-01 17:15:58,-4.8339,90.73,47,54,6.15
306,Tautira,PF,2022-05-01 17:15:59,-17.7333,79.47,74,62,7.31
307,Malumfashi,NG,2022-05-01 17:15:59,11.7853,97.14,19,79,4.81
308,Svetlaya,RU,2022-05-01 17:16:00,46.5389,36.55,76,100,16.6
309,Bilibino,RU,2022-05-01 17:11:44,68.0546,-2.47,95,89,3.69
310,Dunedin,NZ,2022-05-01 17:16:00,-45.8742,57.79,91,27,3.47
311,Hithadhoo,MV,2022-05-01 17:16:01,-0.6,85.84,71,76,15.43
312,San Quintin,MX,2022-05-01 17:15:51,30.4833,64.33,70,29,8.23
313,Palana,RU,2022-05-01 17:16:01,59.1167,24.24,93,9,5.5
314,Jijiga,ET,2022-05-01 17:16:02,9.35,67.71,73,100,4.25
315,Deputatskiy,RU,2022-05-01 17:16:03,69.3,17.38,83,90,3.91
316,Salinopolis,BR,2022-05-01 17:16:03,-0.6136,81.39,78,79,6.78
317,Sibolga,ID,2022-05-01 17:16:04,1.7427,76.57,88,84,2.84
318,Huercal-Overa,ES,2022-05-01 17:16:04,37.389,81.23,39,84,6.46
319,Fairbanks,US,2022-05-01 17:12:53,64.8378,47.23,55,0,10.36
320,Brae,GB,2022-05-01 17:16:05,60.3964,48.67,78,78,11.03
321,Chernyshevskiy,RU,2022-05-01 17:16:05,63.0128,8.04,95,19,3.98
322,Langsa,ID,2022-05-01 17:16:06,4.4683,76.14,96,100,2.42
323,Araouane,ML,2022-05-01 17:16:06,18.9048,97.14,9,64,11.88
324,Tha Mai,TH,2022-05-01 17:16:07,12.6214,77.94,90,97,3.04
325,Severo-Kurilsk,RU,2022-05-01 17:16:07,50.6789,33.26,86,75,11.16
326,Birao,CF,2022-05-01 17:16:08,10.2849,95.14,9,74,5.12
327,Sorland,NO,2022-05-01 17:17:08,67.667,42.66,91,100,29.57
328,Parakou,BJ,2022-05-01 17:17:09,9.3372,93.96,35,52,5.84
329,Yagodnoye,RU,2022-05-01 17:17:09,62.55,13.62,97,46,4.52
330,Kota Belud,MY,2022-05-01 17:17:10,6.351,77.47,81,96,3.62
331,Vuktyl,RU,2022-05-01 17:16:18,63.8567,28.33,86,91,1.36
332,Hays,US,2022-05-01 17:17:11,30.0502,80.38,75,100,3.0
333,Minuri,PH,2022-05-01 17:17:11,16.535,74.23,91,68,2.86
334,Praia Da Vitoria,PT,2022-05-01 17:17:12,38.7333,66.45,82,75,2.8
335,Harper,LR,2022-05-01 17:17:12,4.375,83.91,73,98,8.25
336,Leningradskiy,RU,2022-05-01 17:17:13,69.3833,0.66,84,76,6.33
337,Tessalit,ML,2022-05-01 17:17:13,20.1986,92.32,8,5,16.2
338,Saint-Joseph,RE,2022-05-01 17:17:14,-21.3667,75.58,82,27,4.79
339,Aykhal,RU,2022-05-01 17:17:14,66.0,3.18,90,16,6.6
340,Airai,TL,2022-05-01 17:12:15,-8.9266,59.22,89,64,3.51
341,Quelimane,MZ,2022-05-01 17:17:15,-17.8786,76.95,78,20,3.44
342,Lapeer,US,2022-05-01 17:16:00,43.0514,62.08,72,100,9.22
343,Geraldton,AU,2022-05-01 17:17:15,-28.7667,55.81,76,0,6.91
344,Panara,IN,2022-05-01 17:17:16,22.0667,88.14,23,49,3.94
345,Mayor Pablo Lagerenza,PY,2022-05-01 17:17:16,-19.9309,96.1,24,4,12.12
346,Port Augusta,AU,2022-05-01 17:17:17,-32.5,57.74,58,0,3.04
347,Jacinto City,US,2022-05-01 17:17:17,29.7675,89.33,69,75,8.05
348,Da Nang,VN,2022-05-01 17:17:18,16.0678,73.38,83,75,6.91
349,Quatre Cocos,MU,2022-05-01 17:17:18,-20.2078,75.31,84,18,6.42
350,Areosa,PT,2022-05-01 17:17:19,41.7178,59.92,76,10,15.88
351,Kizukuri,JP,2022-05-01 17:17:19,40.8061,45.95,93,43,6.98
352,Ponta Do Sol,PT,2022-05-01 17:17:20,32.6667,72.23,60,0,2.1
353,Laguna,US,2022-05-01 17:16:44,38.421,67.14,57,0,13.8
354,Prado,BR,2022-05-01 17:17:20,-17.3411,81.64,58,1,7.14
355,Kouroussa,GN,2022-05-01 17:17:21,10.65,97.66,26,72,5.03
356,Kanth,IN,2022-05-01 17:17:21,29.0667,90.77,21,1,6.33
357,Piacabucu,BR,2022-05-01 17:17:22,-10.4056,83.57,60,59,12.95
358,Kaluga,RU,2022-05-01 17:17:22,54.5,43.48,72,88,7.23
359,Russell,US,2022-05-01 17:17:22,32.3502,78.12,78,75,0.0
360,Souillac,MU,2022-05-01 17:17:23,-20.5167,75.58,88,75,3.44
361,Honiara,SB,2022-05-01 17:16:46,-9.4333,77.59,86,100,1.57
362,Qaqortoq,GL,2022-05-01 17:17:24,60.7167,40.87,80,81,6.51
363,Alice Springs,AU,2022-05-01 17:15:01,-23.7,56.75,67,40,4.61
364,Waycross,US,2022-05-01 17:15:11,31.2136,84.25,57,40,6.91
365,El Dorado,US,2022-05-01 17:17:24,38.7666,61.79,48,3,3.0
366,Abdanan,IR,2022-05-01 17:17:25,32.9926,71.85,27,30,11.1
367,Karpathos,GR,2022-05-01 17:17:25,35.507,64.36,77,20,26.46
368,Piterka,RU,2022-05-01 17:17:26,50.6803,46.51,47,48,10.2
369,Redcliffe,AU,2022-05-01 17:17:27,-27.2307,67.26,88,0,9.22
370,Arlit,NE,2022-05-01 17:17:27,18.7369,101.84,8,23,15.82
371,Tuatapere,NZ,2022-05-01 17:17:27,-46.1333,48.06,93,37,5.55
372,San Luis,AR,2022-05-01 17:18:28,-33.295,68.76,22,0,7.16
373,Correntina,BR,2022-05-01 17:18:28,-13.3433,92.12,25,10,4.7
374,Peace River,CA,2022-05-01 17:18:29,56.2501,41.31,87,100,8.05
375,Darhan,MN,2022-05-01 17:18:25,49.4867,59.61,29,99,5.46
376,Pyay,MM,2022-05-01 17:18:29,18.8167,86.9,55,4,2.75
377,Hollister,US,2022-05-01 17:15:31,36.8525,61.14,59,0,0.0
378,Doha,QA,2022-05-01 17:15:42,25.2867,89.91,63,0,10.36
379,Eyl,SO,2022-05-01 17:18:30,7.9803,85.23,72,100,11.56
380,Bintulu,MY,2022-05-01 17:18:31,3.1667,79.21,89,20,3.44
381,Yeppoon,AU,2022-05-01 17:17:09,-23.1333,67.78,88,22,12.3
382,Central Point,US,2022-05-01 17:18:31,42.376,55.42,71,20,3.44
383,Chapais,CA,2022-05-01 17:18:32,49.7834,51.58,66,20,7.36
384,Abeokuta,NG,2022-05-01 17:18:32,7.15,88.7,59,100,7.27
385,Khor,RU,2022-05-01 17:18:33,47.8861,36.82,84,100,6.42
386,Fortuna,US,2022-05-01 17:17:00,40.5982,58.93,78,75,10.36
387,Tual,ID,2022-05-01 17:18:33,-5.6667,82.63,76,80,9.01
388,Ilorin,NG,2022-05-01 17:18:34,8.5,89.96,58,40,8.05
389,Mitsamiouli,KM,2022-05-01 17:18:34,-11.3847,81.07,76,64,15.59
390,Kavieng,PG,2022-05-01 17:14:31,-2.5744,81.64,76,8,4.52
391,Zabaykalsk,RU,2022-05-01 17:17:07,49.6333,41.99,55,80,7.47
392,Naron,ES,2022-05-01 17:18:35,43.5167,63.03,77,78,8.01
393,Rio Gallegos,AR,2022-05-01 17:18:35,-51.6226,46.45,57,0,5.75
394,Alta Floresta,BR,2022-05-01 17:18:36,-9.8756,93.02,52,40,5.75
395,Yinchuan,CN,2022-05-01 17:18:36,38.4681,58.73,11,6,5.64
396,Whitecourt,CA,2022-05-01 17:15:20,54.1502,40.24,93,100,4.61
397,Khandyga,RU,2022-05-01 17:18:37,62.6667,29.79,94,100,4.94
398,Sabang,ID,2022-05-01 17:18:37,5.8933,84.06,75,97,22.93
399,Coihaique,CL,2022-05-01 17:17:07,-45.5752,54.21,71,75,0.0
400,Moen,NO,2022-05-01 17:18:38,69.1304,34.52,93,100,2.3
401,Port Hardy,CA,2022-05-01 17:16:24,50.6996,48.38,87,100,3.44
402,Mpika,ZM,2022-05-01 17:18:38,-11.8343,57.54,83,56,2.84
403,Hami,CN,2022-05-01 17:18:39,42.8,65.57,10,6,7.02
404,Saint-Philippe,RE,2022-05-01 17:18:39,-21.3585,76.59,82,44,3.58
405,Margate,GB,2022-05-01 17:18:40,51.3813,55.69,67,100,3.0
406,Colac,AU,2022-05-01 17:18:40,-38.3333,56.84,95,77,6.08
407,Pisco,PE,2022-05-01 17:18:41,-13.7,69.03,77,0,8.05
408,Kutum,SD,2022-05-01 17:18:41,14.2,88.38,7,74,9.37
409,Bosaso,SO,2022-05-01 17:18:42,11.2842,85.14,73,20,1.63
410,Kavaratti,IN,2022-05-01 17:18:42,10.5669,85.01,71,24,10.11
411,Marsabit,KE,2022-05-01 17:18:43,2.3284,67.03,80,100,9.71
412,Ojinaga,MX,2022-05-01 17:18:43,29.5667,85.15,48,0,8.05
413,Khao Wong,TH,2022-05-01 17:18:44,16.7001,70.25,75,99,8.99
414,Kalga,RU,2022-05-01 17:18:44,50.9251,40.08,50,83,6.58
415,Ancud,CL,2022-05-01 17:18:45,-41.8697,55.56,79,72,3.89
416,Klaksvik,FO,2022-05-01 17:18:45,62.2266,49.12,82,77,11.48
417,Chateauroux,FR,2022-05-01 17:18:46,46.8167,64.4,39,0,2.3
418,Chuy,UY,2022-05-01 17:15:47,-33.6971,65.3,47,4,10.36
419,Mount Gambier,AU,2022-05-01 17:19:46,-37.8333,58.91,94,100,9.22
420,North Platte,US,2022-05-01 17:16:34,41.1239,57.11,45,0,8.99
421,Emilio Carranza,MX,2022-05-01 17:19:47,19.9711,87.1,64,7,9.86
422,Jalor,IN,2022-05-01 17:19:47,25.35,94.08,23,1,15.75
423,Khorramshahr,IR,2022-05-01 17:19:48,30.4397,89.55,51,0,11.5
424,Semey,KZ,2022-05-01 17:19:48,50.4111,72.97,28,99,16.93
425,Cockburn Town,TC,2022-05-01 17:16:23,21.4612,80.56,65,40,19.57
426,Dingle,PH,2022-05-01 17:19:49,10.9995,77.2,81,97,5.73
427,Salym,RU,2022-05-01 17:19:49,60.0625,35.62,63,65,4.9
428,Doctor Arroyo,MX,2022-05-01 17:19:50,23.6667,74.75,48,93,15.05
429,Kununurra,AU,2022-05-01 17:19:50,-15.7667,85.98,35,9,10.36
430,Bathsheba,BB,2022-05-01 17:19:51,13.2167,86.61,70,20,18.41
431,Champerico,GT,2022-05-01 17:19:51,14.3,88.34,64,100,5.32
432,Zalantun,CN,2022-05-01 17:19:51,48.0,37.67,75,3,3.15
433,Ixtapa,MX,2022-05-01 17:19:52,20.7,79.83,61,75,10.36
434,Sembakung,ID,2022-05-01 17:19:52,3.8167,74.53,99,86,2.17
435,Tucuman,AR,2022-05-01 17:19:53,-26.8241,69.8,52,75,4.61
436,Tilichiki,RU,2022-05-01 17:19:54,60.4667,10.29,96,46,7.61
437,Espanola,US,2022-05-01 17:19:54,35.9911,75.18,10,0,5.01
438,Port Hedland,AU,2022-05-01 17:19:55,-20.3167,77.05,61,91,5.75
439,Vao,NC,2022-05-01 17:19:55,-22.6667,75.42,84,32,21.3
440,Kilindoni,TZ,2022-05-01 17:19:56,-7.9139,82.06,72,99,16.62
441,Florian,CO,2022-05-01 17:19:56,5.8049,75.36,65,23,4.54
442,Mayo,US,2022-05-01 17:19:57,38.8876,68.49,65,100,6.91
443,Vestmanna,FO,2022-05-01 17:19:57,62.1564,47.32,81,100,13.8
444,Ardakan,IR,2022-05-01 17:19:58,32.31,74.43,31,26,7.99
445,Havre-Saint-Pierre,CA,2022-05-01 17:17:00,50.2334,43.16,61,100,6.91
446,Havelock,US,2022-05-01 17:18:38,34.8791,81.99,73,64,7.0
447,Florianopolis,BR,2022-05-01 17:19:58,-27.6146,79.7,77,40,2.3
448,Surskoye,RU,2022-05-01 17:19:59,54.4821,39.54,54,43,1.86
449,Rio Claro,BR,2022-05-01 17:19:59,-22.4114,82.65,45,45,7.45
450,Muros,ES,2022-05-01 17:20:00,42.7762,66.09,55,7,16.49
451,Lorengau,PG,2022-05-01 17:20:00,-2.0226,81.25,76,8,4.29
452,Abonnema,NG,2022-05-01 17:20:01,4.7084,86.29,66,88,8.79
453,Tarsus,TR,2022-05-01 17:17:31,36.9188,70.18,89,24,4.14
454,Sioni,GE,2022-05-01 17:20:02,41.9895,57.56,94,100,1.7
455,Ca Mau,VN,2022-05-01 17:18:49,9.1769,79.86,87,100,3.31
456,Isangel,VU,2022-05-01 17:17:10,-19.55,78.71,89,100,3.94
457,Manokwari,ID,2022-05-01 17:20:03,-0.8667,78.06,83,97,4.54
458,Kampene,CD,2022-05-01 17:20:04,-3.6,68.97,98,97,2.1
459,Jega,NG,2022-05-01 17:20:04,12.2175,104.2,13,38,5.41
460,Kortkeros,RU,2022-05-01 17:20:05,61.8106,35.6,80,55,2.82
461,Torbay,CA,2022-05-01 17:20:05,47.6666,54.88,79,75,5.01
462,Cayenne,GF,2022-05-01 17:19:59,4.9333,86.04,42,0,17.27
463,Kolding,DK,2022-05-01 17:20:06,55.4904,53.96,43,78,11.5
464,Leshan,CN,2022-05-01 17:21:07,29.5623,55.4,73,100,2.19
465,Albertville,US,2022-05-01 17:17:02,34.2676,74.44,60,0,6.91
466,Ciudad Bolivar,VE,2022-05-01 17:21:07,8.1222,95.05,28,12,10.58
467,Yamada,JP,2022-05-01 17:21:08,39.4667,45.07,92,96,4.9
468,Tura,IN,2022-05-01 17:21:09,25.5198,70.38,96,44,5.53
469,Oriximina,BR,2022-05-01 17:21:10,-1.7656,86.25,63,43,3.0
470,Sangueya,GN,2022-05-01 17:18:10,10.7,90.23,43,38,12.33
471,Olafsvik,IS,2022-05-01 17:21:10,64.8945,39.15,58,76,16.73
472,Manica,FR,2022-05-01 17:21:11,49.0,56.68,69,100,4.59
473,Calama,CL,2022-05-01 17:21:12,-22.4667,72.09,15,0,17.27
474,Virginia Beach,US,2022-05-01 17:16:57,36.8529,77.04,60,40,10.36
475,Kayerkan,RU,2022-05-01 17:21:13,69.3497,19.53,85,99,11.74
476,Lubao,PH,2022-05-01 17:21:14,14.9167,85.71,78,99,2.04
477,Ouango,CF,2022-05-01 17:21:15,4.3133,77.32,80,97,3.49
478,Maniitsoq,GL,2022-05-01 17:17:04,65.4167,29.79,66,20,10.07
479,Itarema,BR,2022-05-01 17:21:16,-2.9248,85.39,66,92,12.64
480,Filadelfia,US,2022-05-01 17:17:38,39.9523,73.51,28,75,5.75
481,Ondjiva,AO,2022-05-01 17:21:17,-17.0667,75.2,34,68,5.88
482,High Prairie,CA,2022-05-01 17:21:17,55.4334,39.54,86,100,5.23
483,Yorkton,CA,2022-05-01 17:21:18,51.2167,46.24,57,20,12.66
484,Maldonado,UY,2022-05-01 17:21:19,-34.6667,61.99,54,3,13.89
485,Blackwater,AU,2022-05-01 17:21:19,-23.5833,66.97,75,67,5.08
486,Fecamp,FR,2022-05-01 17:21:20,49.7579,58.71,78,99,9.35
487,Sorgun,TR,2022-05-01 17:21:21,39.8101,47.16,84,100,6.85
488,Nemuro,JP,2022-05-01 17:21:21,43.3236,40.86,93,100,21.61
489,Lima,PE,2022-05-01 17:17:33,-12.0432,64.65,72,40,8.05
490,Pathein,MM,2022-05-01 17:21:22,16.7833,81.45,73,41,5.84
491,Portland,US,2022-05-01 17:16:45,45.5234,56.44,85,100,1.01
492,Jacqueville,CI,2022-05-01 17:21:23,5.2052,83.07,76,90,10.13
493,Namibe,AO,2022-05-01 17:21:23,-15.1961,74.14,76,9,15.55
494,Kalianget,ID,2022-05-01 17:21:24,-7.05,83.25,77,92,14.0
495,Khuzdar,PK,2022-05-01 17:21:24,27.7384,86.32,20,100,13.49
496,Roswell,US,2022-05-01 17:21:25,34.0232,77.68,70,0,11.5
497,Shebunino,RU,2022-05-01 17:21:25,46.4339,38.3,96,100,13.98
498,Nabire,ID,2022-05-01 17:21:25,-3.3667,75.96,92,99,3.47
499,Haapiti,PF,2022-05-01 17:21:26,-17.5667,76.73,72,63,7.99
500,Omboue,GA,2022-05-01 17:21:26,-1.5746,80.46,81,73,7.07
501,Valdez,EC,2022-05-01 17:21:27,1.2492,79.81,78,96,7.38
502,Coronel Bogado,PY,2022-05-01 17:21:27,-27.1833,73.89,69,36,2.06
503,Kruisfontein,ZA,2022-05-01 17:19:06,-34.0033,58.89,91,3,3.98
504,Maraba,BR,2022-05-01 17:21:28,-5.3686,91.58,58,40,8.05
505,Ouegoa,NC,2022-05-01 17:21:28,-20.35,75.6,87,27,9.22
506,Hwange,ZW,2022-05-01 17:21:29,-18.3693,73.58,37,48,1.97
507,Peniche,PT,2022-05-01 17:18:57,39.3558,63.28,73,39,16.58
508,Carutapera,BR,2022-05-01 17:22:29,-1.195,84.24,70,31,5.55
509,Houma,US,2022-05-01 17:19:49,29.5958,71.6,94,75,13.8
510,Nome,US,2022-05-01 17:22:30,64.5011,37.47,70,0,19.57
511,Bogorodskoye,RU,2022-05-01 17:22:31,56.55,41.81,78,91,4.74
512,Sinnamary,GF,2022-05-01 17:22:32,5.3833,82.81,69,54,13.29
513,Ramos Arizpe,MX,2022-05-01 17:22:32,25.55,80.89,41,40,6.91
514,Bolshoy Lug,RU,2022-05-01 17:22:33,52.0779,50.18,50,94,3.33
515,Amahai,ID,2022-05-01 17:22:33,-3.3333,79.32,85,94,2.55
516,Gorlev,DK,2022-05-01 17:22:34,55.5393,56.26,66,32,5.82
517,Kasongo-Lunda,CD,2022-05-01 17:22:35,-6.4667,73.63,83,97,2.39
518,West Bay,KY,2022-05-01 17:20:19,19.3667,86.07,75,40,12.66
519,Dzhebariki-Khaya,RU,2022-05-01 17:22:36,62.2167,30.45,92,100,3.87
520,Knysna,ZA,2022-05-01 17:22:37,-34.0363,58.66,88,1,1.9
521,Urumqi,CN,2022-05-01 17:22:37,43.801,72.55,12,0,31.32
522,Santiago De Cao,PE,2022-05-01 17:22:38,-7.9589,66.33,82,100,9.22
523,Ginda,IN,2022-05-01 17:22:39,30.6945,59.95,63,99,7.16
524,Sur,OM,2022-05-01 17:22:40,22.5667,85.84,54,0,6.6
525,Krasnyy Yar,RU,2022-05-01 17:22:40,46.5331,63.97,34,95,13.67
526,Poum,NC,2022-05-01 17:21:29,-20.2333,77.04,79,10,4.68
527,Sydney Mines,CA,2022-05-01 17:22:41,46.2367,44.6,84,100,11.5
528,Salalah,OM,2022-05-01 17:22:42,17.0151,86.09,79,20,5.75
529,Panjab,AF,2022-05-01 17:22:42,34.388,62.96,26,100,2.17
530,Neepawa,CA,2022-05-01 17:22:43,50.2289,41.4,87,100,20.78
531,Onega,RU,2022-05-01 17:22:44,63.9061,30.29,95,72,2.71
532,Mahon,ES,2022-05-01 17:22:44,39.8885,66.76,55,20,6.91
533,Hervey Bay,AU,2022-05-01 17:22:45,-25.2986,67.01,93,93,8.01
534,General Cepeda,MX,2022-05-01 17:22:46,25.3833,83.21,27,78,8.39
535,Buchanan,LR,2022-05-01 17:22:32,5.8808,84.33,73,99,7.11
536,Aksha,RU,2022-05-01 17:22:47,50.2814,48.43,63,66,4.34
537,Ekuvukeni,ZA,2022-05-01 17:22:47,-28.4675,56.89,71,0,3.47
538,Izumo,JP,2022-05-01 17:22:48,35.3667,46.35,63,13,6.78
539,Hondo,JP,2022-05-01 17:22:48,32.45,58.24,56,100,8.57
540,Jinchang,CN,2022-05-01 17:22:49,38.4953,51.91,21,1,4.68
541,Pedernales,DO,2022-05-01 17:22:50,18.0384,80.26,76,100,4.43
542,Pietarsaari,FI,2022-05-01 17:22:50,63.65,42.93,72,97,10.4
543,Lourdes,FR,2022-05-01 17:22:51,43.1,62.08,67,75,6.91
544,Gobabis,NA,2022-05-01 17:22:52,-22.45,69.17,28,5,11.32
545,Waddan,LY,2022-05-01 17:22:52,29.1614,89.44,10,0,22.59
546,Nizwa,OM,2022-05-01 17:22:53,22.9333,85.68,19,0,6.46
547,Storm Lake,US,2022-05-01 17:22:53,42.6411,46.62,81,100,23.02
548,Okato,NZ,2022-05-01 17:22:54,-39.2,62.19,90,81,10.0
549,Ukiah,US,2022-05-01 17:22:54,39.1502,66.36,62,0,8.05
550,Luoyang,CN,2022-05-01 17:23:55,34.6836,58.39,26,0,6.51
551,Axim,GH,2022-05-01 17:23:55,4.8699,83.37,74,100,8.5
552,Sao Filipe,CV,2022-05-01 17:19:51,14.8961,75.7,71,0,10.02
553,Liverpool,GB,2022-05-01 17:22:55,53.4106,57.29,84,40,1.14
554,Victoria Point,AU,2022-05-01 17:23:56,-27.5833,67.28,88,76,4.0
555,Tromso,NO,2022-05-01 17:23:56,69.6496,36.37,86,75,5.75
556,Nassjo,SE,2022-05-01 17:23:57,57.6531,52.72,35,78,2.35
557,Kaffrine,SN,2022-05-01 17:23:57,14.1059,106.72,7,51,5.41
558,Nantucket,US,2022-05-01 17:22:41,41.2835,62.71,54,0,6.91
559,Darien,US,2022-05-01 17:23:58,41.752,51.66,80,100,19.57
560,Tahoua,NE,2022-05-01 17:23:58,14.8888,103.98,11,0,2.3
561,Qasigiannguit,GL,2022-05-01 17:24:01,68.8193,25.05,65,3,4.05
562,Jutai,BR,2022-05-01 17:24:01,-5.1833,86.02,64,58,1.99
563,Roald,NO,2022-05-01 17:24:02,62.5833,51.17,76,0,19.57
564,Sobolevo,RU,2022-05-01 17:24:03,54.4299,45.82,71,96,4.56
565,Metro,ID,2022-05-01 17:24:04,-5.1131,76.08,91,92,5.79
566,Amapa,BR,2022-05-01 17:23:32,1.0,79.48,88,63,4.18
567,San Jose,US,2022-05-01 17:20:03,37.3394,65.48,55,20,5.99
568,Saint Anthony,US,2022-05-01 17:24:07,45.0205,47.48,89,100,12.66
569,Merauke,ID,2022-05-01 17:24:07,-8.4667,78.73,88,96,12.73
570,Nassau,US,2022-05-01 17:24:08,40.7507,70.92,42,0,10.36
571,Dashitou,CN,2022-05-01 17:24:08,43.3067,29.98,92,40,2.13
572,Fort Payne,US,2022-05-01 17:24:10,34.4442,76.21,59,0,12.66
573,Praia,CV,2022-05-01 17:24:12,14.9215,82.94,51,20,16.11
574,Gwadar,PK,2022-05-01 17:24:13,25.1216,83.43,60,0,18.99
575,Cutro,IT,2022-05-01 17:24:13,39.0353,62.65,63,0,10.36
576,Gimli,CA,2022-05-01 17:24:14,50.6336,37.42,93,100,16.11
577,Zacualpan,MX,2022-05-01 17:24:14,21.25,94.62,42,79,7.14
578,Baoro,CF,2022-05-01 17:24:17,5.6667,75.27,77,86,4.34
579,Richards Bay,ZA,2022-05-01 17:24:17,-28.783,64.45,77,0,5.28
580,Puerto Escondido,MX,2022-05-01 17:22:41,15.85,86.83,70,75,9.22
581,Najran,SA,2022-05-01 17:24:20,17.4924,84.85,22,26,10.29
582,Mkushi,ZM,2022-05-01 17:24:23,-13.6202,59.74,78,2,3.78
